sample id,barcode,linkerPrimerSequence,Plate,wellPosition,sequenceName,category,description
006W3,ACCAGTGACTCA,CCGGACTACHVGGGTWTCTAAT,Plate1,B03,806rcbc14,smoker,nose
011W3,CGCAGATTAGTA,CCGGACTACHVGGGTWTCTAAT,Plate2,G03,806rcbc170,smoker,nose
012W3,ACTCGCTCGCTG,CCGGACTACHVGGGTWTCTAAT,Plate3,B03,806rcbc206,smoker,nose
014W3,CTGTCTATACTA,CCGGACTACHVGGGTWTCTAAT,Plate3,C03,806rcbc218,smoker,nose
015W3,TAATCTCGCCGG,CCGGACTACHVGGGTWTCTAAT,Plate3,D03,806rcbc230,smoker,nose
016W3,ACCATAGCTCCG,CCGGACTACHVGGGTWTCTAAT,Plate1,D03,806rcbc38,smoker,nose
017W3,GATCACGAGAGG,CCGGACTACHVGGGTWTCTAAT,Plate2,F03,806rcbc158,smoker,nose
018W3,TTGACCGCGGTT,CCGGACTACHVGGGTWTCTAAT,Plate2,G12,806rcbc179,smoker,nose
101W3,GCTCGAAGATTC,CCGGACTACHVGGGTWTCTAAT,Plate1,F03,806rcbc62,non_smoker,nose
103W3,GTTGTTCTGGGA,CCGGACTACHVGGGTWTCTAAT,Plate1,H03,806rcbc86,non_smoker,nose
104W3,GATTATCGACGA,CCGGACTACHVGGGTWTCTAAT,Plate2,A03,806rcbc98,non_smoker,nose
105W3,TCATGCTCCATT,CCGGACTACHVGGGTWTCTAAT,Plate2,B03,806rcbc110,non_smoker,nose
106W3,CATACCGTGAGT,CCGGACTACHVGGGTWTCTAAT,Plate2,C03,806rcbc122,non_smoker,nose
107W3,TGCAGCAAGATT,CCGGACTACHVGGGTWTCTAAT,Plate2,D03,806rcbc134,non_smoker,nose
108W3,AGAGTCTTGCCA,CCGGACTACHVGGGTWTCTAAT,Plate2,E03,806rcbc146,non_smoker,nose
109W3,CATTCGTGGCGT,CCGGACTACHVGGGTWTCTAAT,Plate1,D12,806rcbc47,non_smoker,nose